Enter your location,Enter your location
Enter Location,Enter Location
On location address change cart will empty.,On location address change cart will empty.
Go to shop,Go to shop
Hyper Local Shipping Area,Hyper Local Shipping Area
Hyper Local Shipping Rate,Hyper Local Shipping Rate
New Ship Area,New Ship Area
New Ship Rate,New Ship Rate
Ship Area Information,Ship Area Information
Address,Address
Latitude,Latitude
Longitude,Longitude
Ship Area Info,Ship Area Info
Ship Rate Info,Ship Rate Info
seller,seller
Distance From,Distance From
Distance To,Distance To
Weight From,Weight From
Weight To,Weight To
Shipping Cost,Shipping Cost
Add Shipping Area,Add Shipping Area
Add Shipping Rate,Add Shipping Rate
My Ship Area List,My Ship Area List
Add your shipping rate,Add your shipping rate
Add New Ship Rate,Add New Ship Rate
ship rate,ship rate
Hyperlocal,Hyperlocal
Add New Ship Rate,Add New Ship Rate
Add your ship area,Add your ship area
Delete Ship Rate,Delete Ship Rate
Download Sample file,Download Sample file
Seller do not provide shipping at your location.,Seller do not provide shipping at your location.
Fill Correct Address.,Fill Correct Address.
