"Customer you are requesting does not exist.","Customer you are requesting does not exist."
"Product unavailable in selected region.","Product unavailable in selected region."
"Invalid Request","Invalid Request"
"As customer you are requesting does not exist, so you need to logout.","As customer you are requesting does not exist, so you need to logout."
"Featured Products","Featured Products"
"New Products","New Products"
"Hot Deals","Hot Deals"
"Customer you are requesting does not exist, so you need to logout.","Customer you are requesting does not exist, so you need to logout."
"Address not set properly. Please select your address again.","Address not set properly. Please select your address again."
"Address Set","Address Set"
"Fill Correct Address","Fill Correct Address"
"Please select your address.","Please select your address."
"Shipping address is not same as address selected.","Shipping address is not same as address selected."
"Shipping Address is outside delivery area of seller.","Shipping Address is outside delivery area of seller."
"Sorry Something went wrong !!","Sorry Something went wrong !!"
"Customer Address is not valid.","Customer Address is not valid."
"Invalid email format","Invalid email format"
"Email already exist","Email already exist"
"This email already exist.","This email already exist."
"Invalid Billing data.","Invalid Billing data."
"Invalid Shipping data.","Invalid Shipping data."
"You will be redirected to the PayPal website.","You will be redirected to the PayPal website."
"Make Check payable to:","Make Check payable to:"
"Send Check to:","Send Check to:"
" xxxxxxx"," xxxxxxx"
"Bank Details are xxxxxxx","Bank Details are xxxxxxx"
"Pay at the time of delivery","Pay at the time of delivery"
"Please set an address.","Please set an address."
"Seller do not provide shipping at your location.","Seller do not provide shipping at your location."
"%1 Products","%1 Products"
"Invalid Seller","Invalid Seller"
"Ship area deleted successfully.","Ship area deleted successfully."
"Invalid request.","Invalid request."
"Ship rate deleted successfully.","Ship rate deleted successfully."
"Invalid seller","Invalid seller"
"Your shipping origin has been successfully saved.","Your shipping origin has been successfully saved."
"Ship area saved successfully.","Ship area saved successfully."
"Ship area already exist.","Ship area already exist."
"Your shipping rate has been successfully updated","Your shipping rate has been successfully updated"
"Please upload Csv file","Please upload Csv file"
